channel,value
Social Media,29696.276820411407
Paid Search,26811.314139568105
Email,26487.23245526899
Organic Search,24849.024177435418
Display,24671.36598102512
