channel,value
Display,25891.128102947903
Email,25157.314468363224
Organic Search,28883.769443071786
Paid Search,25098.23282414878
Social Media,27484.768735177306
