channel,value
Display,24586.77387938782
Email,23932.703042602523
Organic Search,28390.370852372176
Paid Search,25963.459107037666
Social Media,25925.502125099996
