channel,value,confidence_95
Email,66272.43829620355,[0.44836049 0.52605851]
Paid Search,67908.12486450671,[0.4626951  0.53942775]
Organic Search,68737.26845387036,[0.46777404 0.54375772]
Social Media,69754.20214394658,[0.473123   0.55020879]
Display,66402.52025352842,[0.45008329 0.52683096]
