channel,value
Display,26321.692467239052
Email,26482.80289230331
Organic Search,27749.208419718576
Paid Search,25512.52089613798
Social Media,26448.98889831007
