channel,incremental_lift,value
Email,0.4854838709677419,81910.80564307168
Paid Search,0.4991869918699187,83543.57917748508
Organic Search,0.5055118110236221,87353.38409111631
Social Media,0.514018691588785,89802.54439273638
Display,0.48811410459587956,83815.70809988731
