channel,value
Display,24582.41921771002
Email,25023.313908323653
Organic Search,29648.57985294777
Paid Search,26488.7578764999
Social Media,26772.14271822765
