channel,value
Display,23617.08044432056
Email,23481.009480460965
Organic Search,30477.31403063118
Paid Search,28616.520822196253
Social Media,26323.288796100034
